Id,StarbucksId,Name,BrandName,StoreNumber,PhoneNumber,OwnershipType,Street1,Street2,Street3,City,CountrySubdivisionCode,CountryCode,PostalCode,Longitude,Latitude,TimezoneOffset,TimezoneId,TimezoneOlsonId,FirstSeen,LastSeen
9ad401e0-e3f1-4179-872b-1ac0ce4584a6,14085,Camden & Curtner - Campbell,Starbucks,6931-85346,408-371-1332,CO,1228 Camden Avenue,,,Campbell,CA,US,950086713,-121.95,37.27,-480,Pacific Standard Time,GMT-08:00 America/Los_Angeles,12/8/2013 5:41:59 PM,2/3/2017 12:00:00 AM
3af94b7c-700d-427c-9130-a60429c2ba4d,13511,Water & Whitehall Streets,Starbucks,7398-1655,212-785-1082,CO,2 Water St,,3 New York Plaza,New York,NY,US,100042480,-74.01,40.7,-300,Eastern Standard Time,GMT-05:00 America/New_York,12/8/2013 5:41:59 PM,2/3/2017 12:00:00 AM
7ddcddc3-32dc-4cdc-b2fd-d603c1cb2ad4,1007996,Petronas Service Stat - Federal Hwy,Starbucks,18453-173544,,LS,"KM 18.5, Federal Highway - KL Bound",,,Kuala Lumpur,14,MY,,101.58,3.08,480,Singapore Standard Time,GMT+08:00 Asia/Kuala_Lumpur,11/15/2016 12:00:00 AM,2/3/2017 12:00:00 AM
73ce3835-ba94-4d9f-a41e-a75f5acb540b,1011513,武汉国贸新世界店,Starbucks,26141-243325,,CO,江汉区,国贸新世界商场一层,建设大道568号,武汉市,42,CN,430000,114.27,30.59,480,China Standard Time,GMT+08:00 Asia/Beijing,8/21/2015 12:00:00 AM,2/3/2017 12:00:00 AM
17b0801d-ade4-4ba3-99d0-add5e581566a,1014319,佛山岭南站1店,Starbucks,47478-254284,,CO,禅城区,负一层020铺,祖庙路29号,佛山市,44,CN,528000,113.11,23.03,480,China Standard Time,GMT+08:00 Asia/Beijing,8/16/2016 12:00:00 AM,2/3/2017 12:00:00 AM
62924301-33e9-4762-bb84-bc7dceded6fe,5592,العروبة,Starbucks,32477-133132,0096614151968,LS,شارع العروبة,,,الرياض,01,SA,,46.69,24.72,180,Arab Standard Time,GMT+03:00 Asia/Riyadh,12/8/2013 5:41:59 PM,2/3/2017 12:00:00 AM
d4dc6d22-87f6-425b-ade1-cc433dd1ce6b,156,Defensores,Starbucks,3633-142525,4701-9317,LS,Av. Comodor Martin Rivadavia 1560,esq. Avenida del Libertador,,Buenos Aires,C,AR,C1429DBR,-58.46,-34.54,-180,Argentina Standard Time,GMT-03:00 America/Argentina/Bu,12/8/2013 5:41:59 PM,2/3/2017 12:00:00 AM
83adc037-8e8d-456c-9c76-5726096f808d,3667,Mihama American Village,Starbucks,30377-78761,,JV,16-2 Mihama,,,Chatan-cho,47,JP,904-0115,127.76,26.32,540,Tokyo Standard Time,GMT+09:00 Asia/Tokyo,12/8/2013 5:41:59 PM,2/3/2017 12:00:00 AM
20f4031a-e386-4c42-afa5-af6b6ce5d0ed,6805,Cy Ave & SW Wyoming Blvd - Casper,Starbucks,11862-103659,307-234-6550,CO,4003 Cy Ave,,,Casper,WY,US,826044238,-106.37,42.82,-420,Mountain Standard Time,GMT-07:00 America/Denver,12/8/2013 5:41:59 PM,2/3/2017 12:00:00 AM
81c8b0b0-25e1-4cd3-8edc-9b6045bc8061,2606,Princes Street W1,Starbucks,12058-10406,02074958370,CO,22-23 Princes St,,,London,ENG,GB,W1B 2LY,-0.14,51.51,0,GMT Standard Time,GMT+0:00 Europe/London,12/8/2013 5:41:59 PM,2/3/2017 12:00:00 AM
c7a5a1e9-1216-4cdd-a527-e29bbb15a280,8970,La Brea & San Vicente,Starbucks,5698-2402,323-934-2408,CO,1258 South La Brea Ave,,,Los Angeles,CA,US,900191628,-118.34,34.05,-480,Pacific Standard Time,GMT-08:00 America/Los_Angeles,12/8/2013 5:41:59 PM,2/3/2017 12:00:00 AM
ceacb83d-ac23-4c3d-a0fa-4495d01377f7,69607,Barranco,Starbucks,15894-165804,,LS,Av. Pedro de Osma 100 -102,Barranco,,Lima,LIM,PE,51,-77.02,-12.15,-300,SA Pacific Standard Time,GMT-05:00 America/Lima,12/8/2013 5:41:59 PM,2/3/2017 12:00:00 AM
69d5c49b-c8b0-4eb6-a97b-9f4361fced35,1012897,Chesterfield - Mansfield Road DT,Starbucks,24411-237886,01246857952,FR,"Heath, Mansfield Road",,,Chesterfield,ENG,GB,S44 5SF,-1.34,53.2,0,GMT Standard Time,GMT+0:00 Europe/London,12/1/2015 12:00:00 AM,2/3/2017 12:00:00 AM
62ce3c0c-3095-4abc-8cfb-8be882b3cca2,1014415,Akaretler,Starbucks,29827-255549,,LS,Sair Nedim Cad. No 5,Besiktas Istanbul,,Istanbul,34,TR,,29.0,41.04,120,Turkey Standard Time,GMT+2:00 Europe/Istanbul,5/10/2016 12:00:00 AM,2/3/2017 12:00:00 AM
66feb47a-f942-4886-99df-e21e98346261,7666,Northern Kentucky U Student Union,Starbucks,75308-100101,,LS,20 Kenton Drive,,,Highland Heights,KY,US,410761919,-84.47,39.03,-300,Eastern Standard Time,GMT-05:00 America/New_York,12/8/2013 5:41:59 PM,2/3/2017 12:00:00 AM
4a6eb265-d7b4-4f99-8894-c3800f3e2cd1,1008334,Bade Taota,Starbucks,21984-216704,,JV,"Jinhe Rd.,",,,Bade City,TAO,TW,33461,121.3,24.96,480,Taipei Standard Time,GMT+08:00 Asia/Taipei,2/10/2015 12:00:00 AM,2/3/2017 12:00:00 AM
88d49c99-6cd3-4469-8609-1ee3964a395d,7379,Mission & Las Palmas,Starbucks,10541-100590,510-445-0729,CO,39981 Mission Blvd.,,,Fremont,CA,US,945393627,-121.95,37.56,-480,Pacific Standard Time,GMT-08:00 America/Los_Angeles,12/8/2013 5:41:59 PM,2/3/2017 12:00:00 AM
78253228-1f1d-44fa-98d6-803bcc7ae9b5,11535,Hwy 71B & 14th St,Starbucks,8852-94767,479-254-0943,CO,1401 S Walton Blvd,11,,Bentonville,AR,US,727126626,-94.21,36.36,-360,Central Standard Time,GMT-06:00 America/Chicago,12/8/2013 5:41:59 PM,2/3/2017 12:00:00 AM
4191074d-c15d-4140-9f16-c7f4e8ae1be8,3484,AEON MALL Fukuoka,Starbucks,30546-94563,,JV,192-1 Oinoki Sakado,,,Kasuya-machi,40,JP,811-2303,130.48,33.6,540,Tokyo Standard Time,GMT+09:00 Asia/Tokyo,12/8/2013 5:41:59 PM,2/3/2017 12:00:00 AM
9ae550bc-4d6d-40b0-820a-79c82f5fdd26,1005526,Busan Songjeong Beach,Starbucks,20532-206344,,JV,"297-37,Songjeong-dong",Haeundae-gu,,Busan,26,KR,612-040,129.2,35.2,540,Korea Standard Time,GMT+09:00 Asia/Seoul,12/8/2013 5:41:59 PM,2/3/2017 12:00:00 AM
d4d76483-2e8b-4f0c-b989-cf3b83f6a5c9,1918,昆山人民路店,Starbucks,31123-104243,0512-57888191,JV,昆山,昆山宾馆二号楼1F,人民路99号,昆山市,32,CN,,120.96,31.38,480,China Standard Time,GMT+08:00 Asia/Beijing,12/8/2013 5:41:59 PM,2/3/2017 12:00:00 AM
a4cb7559-bbc0-404d-817d-a49b9b4ccdd4,9573,Plainfield-127th & Route 59,Starbucks,8833-85684,815-609-3137,CO,12640 S. Route 59,Unit #600,Kensington North Shopping Center,Plainfield,IL,US,60544,-88.2,41.65,-360,Central Standard Time,GMT-06:00 America/Chicago,12/8/2013 5:41:59 PM,2/3/2017 12:00:00 AM
0d7b587b-3f04-42e7-9a58-2e8a8548fdc5,9294,Wabash Landing,Starbucks,2478-25967,765-746-1674,CO,342 E. State Street,,Wabash Landing,West Lafayette,IN,US,479063225,-86.9,40.42,-300,US Eastern Standard Time,GMT-05:00 America/Indianapolis,12/8/2013 5:41:59 PM,2/3/2017 12:00:00 AM
0f518cf0-c02d-4c12-91ef-054c400a4924,94741,Cineworld Crawley,Starbucks,18670-194104,01293 538242,LS,Unit 1 Crawley Leisure Park,,,Crawley,ENG,GB,RH10 8LR,-0.18,51.12,0,GMT Standard Time,GMT+0:00 Europe/London,12/8/2013 5:41:59 PM,2/3/2017 12:00:00 AM
fdc7b1a0-3fcd-406a-8647-0052b09b5eac,18969,深圳龙岗广百店,Starbucks,8086-151210,0755-28909349,CO,龙岗区,广百百货一楼1-01号铺,中心城建设路,深圳市,44,CN,518172,114.25,22.72,480,China Standard Time,GMT+08:00 Asia/Beijing,12/8/2013 5:41:59 PM,2/3/2017 12:00:00 AM
a9658acb-637f-4f89-8dc9-905d31b3369c,1005873,"Medfield, Main St & North St",Starbucks,19830-196606,5082429819,CO,467 Main Street,,,Medfield,MA,US,02052,-71.31,42.19,-300,Eastern Standard Time,GMT-05:00 America/New_York,12/8/2013 5:41:59 PM,2/3/2017 12:00:00 AM
941b828a-ba40-4ef4-b8c4-83fb8f13795e,2026,Koenigsbau Passagen,Starbucks,30891-98355,00497112202070,CO,KOENIGSTRASSE 28,,KOENIGSBAU PASSAGEN,STUTTGART,BW,DE,70173,9.18,48.78,60,W. Europe Standard Time,GMT+1:00 Europe/Berlin,12/8/2013 5:41:59 PM,2/3/2017 12:00:00 AM
6f20ebcf-c860-4e92-8ae0-beef560ccb08,1012493,Teavana - West Towne Madison,Teavana,28362-249866,608-833-2222,CO,641 West Towne Mall,#B1,West Towne Madison,Madison,WI,US,53719,-89.52,43.03,-360,Central Standard Time,GMT-06:00 America/Chicago,7/4/2015 12:00:00 AM,2/3/2017 12:00:00 AM
0f1c6883-fb6a-4a74-b471-f388847bb5b4,1015254,Jubail Galleria Mall,Starbucks,27187-246904,,LS,Between Ad-Danah Rd. & Al Shati St.,,,Jubail,06,SA,,49.57,27.14,180,Arab Standard Time,GMT+03:00 Asia/Riyadh,11/15/2016 12:00:00 AM,2/3/2017 12:00:00 AM
dbdb7d23-a95b-4dc9-be1e-b80fb34ff33d,11078,San Pablo & Sycamore - Hercules,Starbucks,5882-30801,510-724-5945,CO,3700 San Pablo Ave,8,N/Q,Hercules,CA,US,945473968,-122.27,38.01,-480,Pacific Standard Time,GMT-08:00 America/Los_Angeles,12/8/2013 5:41:59 PM,2/3/2017 12:00:00 AM
d2f42c55-f7ba-4ef1-8a16-d13bf37c4936,1005514,汇融天地店,Starbucks,19123-194366,021-62371037,JV,普陀区,汇融天地,曹杨路555号,上海市,31,CN,200062,121.42,31.24,480,China Standard Time,GMT+08:00 Asia/Beijing,12/8/2013 5:41:59 PM,2/3/2017 12:00:00 AM
d3bd20a7-797f-4459-8b4b-8e78027b7b2d,3662,Dangozaka Service Area (Up Lane),Starbucks,1849-141687,,JV,4943 Ono,,,Uenohara,19,JP,409-0123,139.04,35.63,540,Tokyo Standard Time,GMT+09:00 Asia/Tokyo,12/8/2013 5:41:59 PM,2/3/2017 12:00:00 AM
92717af9-42ed-4693-b14f-db12e42457b8,12119,San Vicente & 26th,Starbucks,5296-888,(310) 395-8212,CO,13050 San Vicente Blvd.,Suite #111,,Brentwood,CA,US,94513,-118.49,34.05,-480,Pacific Standard Time,GMT-08:00 America/Los_Angeles,12/8/2013 5:41:59 PM,2/3/2017 12:00:00 AM
35c844a8-a730-442b-8799-32ce8981f66c,1007195,"Fredericksburg, Warrenton Road",Starbucks,23175-208204,5403603199,CO,821 Warrenton Road,,,Fredericksburg,VA,US,22406,-77.51,38.35,-300,Eastern Standard Time,GMT-05:00 America/New_York,10/4/2016 12:00:00 AM,2/3/2017 12:00:00 AM
976df8b7-5c7f-40eb-8a82-744e4f1dd6dc,1007095,Kroger - Crossville #599,Starbucks,20852-208193,931-456-7646,LS,265 Highland Square,,,Crossville,TN,US,38555,-85.04,35.96,-360,Central Standard Time,GMT-06:00 America/Chicago,8/22/2014 12:00:00 AM,2/3/2017 12:00:00 AM
5573721f-5035-4138-b428-34d73d777bd8,113389,Satelite Centro Civico,Starbucks,16895-175444,,LS,"Circuito Medicos # 45,  Ciudad Satelite",,,Mexico City,DIF,MX,53100,-99.23,19.51,-360,Central Standard Time (Mexico),GMT-06:00 America/Mexico_City,12/8/2013 5:41:59 PM,2/3/2017 12:00:00 AM
12f63bce-27a6-443b-b47f-9614da3f731c,14366,Target Apple Valley T-939,Starbucks,76333-95629,760-247-4111,LS,19201 Bear Valley Rd,,,Apple Valley,CA,US,923082702,-117.24,34.47,-480,Pacific Standard Time,GMT-08:00 America/Los_Angeles,12/8/2013 5:41:59 PM,2/3/2017 12:00:00 AM
771ca4c2-4f92-48cd-a5e7-fe38c26e196f,2030,Karolinenstrasse 12,Starbucks,31035-103157,499112029230,CO,KAROLINENSTRASSE 12,,,NUERNBERG,BY,DE,90402,11.08,49.45,60,W. Europe Standard Time,GMT+1:00 Europe/Berlin,12/8/2013 5:41:59 PM,2/3/2017 12:00:00 AM
4b182763-3592-4e25-b956-4c40cb9e506c,1005190,Hailsham - A22/A267 North Street,Starbucks,18517-192045,01323 441171,FR,"A22/A267, Hellingly",,,Hailsham,ENG,GB,BN27 4DT,0.23,50.88,0,GMT Standard Time,GMT+0:00 Europe/London,12/8/2013 5:41:59 PM,2/3/2017 12:00:00 AM
17d82266-c3d2-4d6c-86aa-2e7a36194ddb,1012618,Daegu Samsung Insurance,Starbucks,27286-246944,,JV,"2-1, Beomeo 3-dong, Suseong-gu, Daegu",,,Daegu,27,KR,706-743,128.63,35.87,540,Korea Standard Time,GMT+09:00 Asia/Seoul,9/15/2015 12:00:00 AM,2/3/2017 12:00:00 AM
2138742c-5fcb-44e7-ae35-e77c0250f8cd,1010192,Shinjuku TSUTAYA,Starbucks,24125-218567,,LS,3-26-14 Shinjuku,,,Shinjuku-ku,13,JP,,139.7,35.69,540,Tokyo Standard Time,GMT+09:00 Asia/Tokyo,5/20/2015 12:00:00 AM,2/3/2017 12:00:00 AM
a02b6078-8fa7-4010-8a2c-59229d82a2ac,20099,Target Evansville T-1481,Starbucks,3985-146706,812-402-8500,LS,6625 E Lloyd Expy,,,Evansville,IN,US,477152757,-87.47,37.98,-360,Central Standard Time,GMT-06:00 America/Chicago,12/8/2013 5:41:59 PM,2/3/2017 12:00:00 AM
6e374693-92f7-487f-93ea-0df67630e633,12315,Easton Town Center,Starbucks,2350-5968,(614) 337-0361,CO,4015 Easton Station,,Easton Town Center,Columbus,OH,US,432196066,-82.91,40.05,-300,Eastern Standard Time,GMT-05:00 America/New_York,12/8/2013 5:41:59 PM,2/3/2017 12:00:00 AM
c961eda0-9326-4991-967a-dc55d54986f0,7331,Hwy 10 & Sam Peck,Starbucks,10657-100879,501-954-7596,CO,12901 Cantrell,,,Little Rock,AR,US,722231701,-92.42,34.8,-360,Central Standard Time,GMT-06:00 America/Chicago,12/8/2013 5:41:59 PM,2/3/2017 12:00:00 AM
e0a465f8-cb71-484a-9081-7738f6b623e0,4247,KUZUHA MALL,Starbucks,30594-99418,,JV,15-1-112 Hanazonocho Kuzuha,,,Hirakata,27,JP,573-1121,135.68,34.86,540,Tokyo Standard Time,GMT+09:00 Asia/Tokyo,12/8/2013 5:41:59 PM,2/3/2017 12:00:00 AM
db133c33-e37d-4673-a862-bbe94acd4953,13898,Fred Meyer - Gateway #128,Starbucks,73737-106087,,LS,1111 NE 102nd,,,Portland,OR,US,972203902,-122.56,45.53,-480,Pacific Standard Time,GMT-08:00 America/Los_Angeles,12/8/2013 5:41:59 PM,2/3/2017 12:00:00 AM
2057b8ec-e3cb-4d52-a451-b38e0721d86f,1013607,Sheraton Wall Centre @ Burrard,Starbucks,25398-237456,,LS,1088 Burrard St,,,Vancouver,BC,CA,V6Z2R9,-123.13,49.28,-480,Pacific Standard Time,GMT-08:00 America/Vancouver,5/10/2016 12:00:00 AM,2/3/2017 12:00:00 AM
99c60d80-c29c-47fc-a616-c1c6f68f0679,16960,Hy-Vee - Papillion #1,Starbucks,73741-105734,402 5975790,LS,11650 S 73rd St,,,Papillion,NE,US,680461500,-96.03,41.14,-360,Central Standard Time,GMT-06:00 America/Chicago,12/8/2013 5:41:59 PM,2/3/2017 12:00:00 AM
7b8b3550-177c-4462-a4d1-79956dd0e0d5,10471,St. Rita's Medical Center - Lobby,Starbucks,78087-125110,,LS,730 West Market Street,,,Lima,OH,US,458014602,-84.12,40.74,-300,Eastern Standard Time,GMT-05:00 America/New_York,12/8/2013 5:41:59 PM,2/3/2017 12:00:00 AM
d15d2eeb-2d96-4609-80f1-548b93db8b8e,1016118,Tosu Kuranouemachi,Starbucks,47870-257386,,CO,662-5 Kuranouemachi,,,Tosu,41,JP,841-0054,130.5,33.38,540,Tokyo Standard Time,GMT+09:00 Asia/Tokyo,10/11/2016 12:00:00 AM,2/3/2017 12:00:00 AM
70161643-c5ed-44c7-b654-fd23fe7421a9,3600,Wakayama Medical University Hospita,Starbucks,31471-108703,,JV,811-1 Kimiidera,,,Wakayama,30,JP,641-0012,135.18,34.19,540,Tokyo Standard Time,GMT+09:00 Asia/Tokyo,12/8/2013 5:41:59 PM,2/3/2017 12:00:00 AM
1574df86-6eb5-43a6-8553-b6447cdd4630,66004,D Cube City - B2,Starbucks,15902-160970,,JV,"369-51 Shindorim-Dong, Guro-Gu",B2,,Seoul,11,KR,152-887,126.89,37.51,540,Korea Standard Time,GMT+09:00 Asia/Seoul,12/8/2013 5:41:59 PM,2/3/2017 12:00:00 AM
0551582a-5746-489f-95ea-8a4d4b953581,1014928,351 & Enterprise,Starbucks,29138-252016,3257257496,CO,2626 Enterprise Drive,,,Abilene,TX,US,79601,-99.69,32.48,-360,Central Standard Time,GMT-06:00 America/Chicago,6/1/2016 12:00:00 AM,2/3/2017 12:00:00 AM
5e407854-492f-4bf1-a220-14fe44b99278,1011399,深圳前海企业公馆店,Starbucks,25926-242170,0755-26913843,CO,南山区,前海企业公馆3栋1层,前海深港合作区前湾一路63号,深圳市,44,CN,518000,113.9,22.52,480,China Standard Time,GMT+08:00 Asia/Beijing,6/23/2015 12:00:00 AM,2/3/2017 12:00:00 AM
be28a41b-757d-4d0d-95b0-3009dfad555d,1015448,德州澳德乐广场店,Starbucks,48271-262426,,CO,经济开发区,澳德乐时代广场一层F1101,东风东路1899号,德州市,37,CN,253078,116.37,37.43,480,China Standard Time,GMT+08:00 Asia/Beijing,8/2/2016 12:00:00 AM,2/3/2017 12:00:00 AM
0cdba876-7109-47ef-91ea-9b99ee40090a,1007725,Starbucks,Starbucks,19611-199665,,LS,Yalcin Kores Caddesi Cavdar,,Sokak No:1 Bagcilar,Istanbul,34,TR,34212,28.82,41.03,120,Turkey Standard Time,GMT+2:00 Europe/Istanbul,1/6/2015 12:00:00 AM,2/3/2017 12:00:00 AM
25bbd85e-b173-4889-95ab-02eb04554106,1005168,广州新粤新分店,Starbucks,19343-200944,020-83590832,CO,广州市越秀区,新粤新酒店首层东侧（自编1号）,环市东路329号,广州市,44,CN,510610,113.28,23.14,480,China Standard Time,GMT+08:00 Asia/Beijing,12/8/2013 5:41:59 PM,2/3/2017 12:00:00 AM
6e2490d7-bafd-4ae3-9246-8fd1e5570a6d,13501,Southbury,Starbucks,7367-799,2032677548,CO,775 South Main Street,,Southbury Green,Southbury,CT,US,064882271,-73.23,41.46,-300,Eastern Standard Time,GMT-05:00 America/New_York,12/8/2013 5:41:59 PM,2/3/2017 12:00:00 AM
19382833-c0d2-4a8e-84cd-80a1f908eacb,1006506,北京南站第六咖啡店,Starbucks,22167-217205,010-83106096,CO,丰台区,换乘层7号出站口北侧区域的单元,北京南站,北京市,11,CN,100054,116.38,39.86,480,China Standard Time,GMT+08:00 Asia/Beijing,1/4/2014 12:00:00 AM,2/3/2017 12:00:00 AM
b755f662-a39a-42c7-b698-c7f60361cd03,14328,Hwy 1431 & Parmer,Starbucks,8884-94759,512-260-1627,CO,2800 E. Whitestone Blvd,Suite #140,,Cedar Park,TX,US,78613,-97.78,30.53,-360,Central Standard Time,GMT-06:00 America/Chicago,12/8/2013 5:41:59 PM,2/3/2017 12:00:00 AM
fb00fb35-5ce0-4d6a-bae4-60d2236ea76c,1009773,Villa Casablanca,Starbucks,23640-219604,,LS,Boulevard Franklin Roosevelt,,,Casablanca,MA,MA,,-7.65,33.59,0,Morocco Standard Time,GMT+000000 Africa/Casablanca,10/30/2014 12:00:00 AM,2/3/2017 12:00:00 AM
c0be5f6b-6687-475d-b596-eefe07c0b625,1009378,Dongnae Minam DT,Starbucks,23543-231004,,JV,"1428-36, Oncheon-dong, Dongnae-gu",,,Busan,26,KR,607-837,129.07,35.21,540,Korea Standard Time,GMT+09:00 Asia/Seoul,12/17/2014 12:00:00 AM,2/3/2017 12:00:00 AM
fabd783a-40b4-4903-b2b6-1399675e54cf,10380,FuBonn Shopping Center- Portland,Starbucks,10465-99640,503-771-1585,CO,2834 SE 82nd Ave,,FuBonn Shopping Center,Portland,OR,US,972661556,-122.58,45.5,-480,Pacific Standard Time,GMT-08:00 America/Los_Angeles,12/8/2013 5:41:59 PM,2/3/2017 12:00:00 AM
f46124f0-ebdd-4dea-a7b5-8c613aeeb63f,92310,Target Virginia Beach T-2770,Starbucks,18114-165030,757-451-7660,LS,4554 Virginia Beach Blvd,,,Virginia Beach,VA,US,23462,-76.13,36.84,-300,Eastern Standard Time,GMT-05:00 America/New_York,12/8/2013 5:41:59 PM,2/3/2017 12:00:00 AM
1f7a426f-1767-495f-9bf9-6bc6aaf34a5b,4016,LaLaport TOKYO-BAY SOUTH,Starbucks,30249-49439,,JV,2-1-1 Hamacho,,,Funabashi,12,JP,273-0012,139.99,35.68,540,Tokyo Standard Time,GMT+09:00 Asia/Tokyo,12/8/2013 5:41:59 PM,2/3/2017 12:00:00 AM
678c3c5f-0350-4a09-87d7-86a093c0d204,1011368,Cheshire Inn - Market,Starbucks,25392-232324,314-932-7827,LS,7036 Clayton Ave,,,St. Louis,MO,US,63117,-90.31,38.63,-360,Central Standard Time,GMT-06:00 America/Chicago,1/13/2015 12:00:00 AM,2/3/2017 12:00:00 AM
ac5ef09e-5658-4659-80e3-5e721b8cfd66,1213,Kildonan Crossing,Starbucks,4445-14131,204/668-0146,CO,1615 Regent Ave. West,,Kildonan Crossing Shopping Center,Winnipeg,MB,CA,R2C 5C6,-97.07,49.9,-360,Central Standard Time,GMT-06:00 America/Winnipeg,12/8/2013 5:41:59 PM,2/3/2017 12:00:00 AM
05bfc1d8-35dd-4d50-ae18-8769cde4e216,1006107,Starbucks,Starbucks,19735-197184,,LS,Dumlupinar Bulv. Next Level No:3 K:Zemin,D:3B47,,Ankara,06,TR,06330,32.81,39.91,120,Turkey Standard Time,GMT+2:00 Asia/Istanbul,12/8/2013 5:41:59 PM,2/3/2017 12:00:00 AM
3291d41b-118f-4664-816e-db24b514c5b4,15198,Super Target Orlando ST-1790,Starbucks,72643-32301,407-251-5133,LS,2155 Town Center Blvd,,,Orlando,FL,US,328376801,-81.41,28.37,-300,Eastern Standard Time,GMT-05:00 America/New_York,12/8/2013 5:41:59 PM,2/3/2017 12:00:00 AM
6d2ee98c-37d8-4858-acee-3cae8fdbf7d4,1016625,JAS Urban Srinakarin,Starbucks,48239-254286,625985157,CO,Srinakarin Road,,,Bangkok,11,TH,,100.63,13.64,420,SE Asia Standard Time,GMT+07:00 Asia/Bangkok,12/6/2016 12:00:00 AM,2/3/2017 12:00:00 AM
344011ae-00b8-404e-bd26-ea6fd9ac7a8d,16097,59 Columbia Pt Drive,Starbucks,8936-94998,509-946-9073,CO,59 Columbia Point Drive,,,Richland,WA,US,993524375,-119.27,46.26,-480,Pacific Standard Time,GMT-08:00 America/Los_Angeles,12/8/2013 5:41:59 PM,2/3/2017 12:00:00 AM
3ec7ca67-e01c-479c-aac9-881206cd366f,1013599,"Parma, Seven Hills",Starbucks,25041-239726,2163867585,CO,1086 West Pleasant Valley Road,Unit 119-1,,Parma,OH,US,441346709,-81.68,41.36,-300,Eastern Standard Time,GMT-05:00 America/New_York,11/10/2015 12:00:00 AM,2/3/2017 12:00:00 AM
64839bda-acbb-443c-9cdf-687bfc14b036,6876,Apple Valley & Bear Valley,Starbucks,9873-97740,760-961-1627,CO,12218 Apple Valley Road,Suite A,Home Depot Plaza,Apple Valley,CA,US,923081703,-117.24,34.47,-480,Pacific Standard Time,GMT-08:00 America/Los_Angeles,12/8/2013 5:41:59 PM,2/3/2017 12:00:00 AM
c1602212-947d-4294-8301-c323a33a1e8a,90325,Honolulu & Ocean View,Starbucks,16782-10773,818-248-7001,CO,2284 Honolulu Avenue,,,Montrose,CA,US,910201638,-118.23,34.21,-480,Pacific Standard Time,GMT-08:00 America/Los_Angeles,12/8/2013 5:41:59 PM,2/3/2017 12:00:00 AM
8b5326be-200d-47bf-b866-9481ce994718,13157,"ORD OHare Concourse G, Gate 29",Starbucks,72382-5712,773-686-6180,LS,Circular Building #6,Guard Post 8,Circular Building 6,Chicago,IL,US,60666,-87.9,41.98,-360,Central Standard Time,GMT-06:00 America/Chicago,12/8/2013 5:41:59 PM,2/3/2017 12:00:00 AM
696a2034-bf7f-4818-8682-718761f9accc,1826,耀江广场店,Starbucks,31919-109304,021-63242613,JV,虹口区,耀江广场,吴淞路258号1楼102室,上海市,31,CN,200080,121.49,31.25,480,China Standard Time,GMT+08:00 Asia/Beijing,12/8/2013 5:41:59 PM,2/3/2017 12:00:00 AM
da10385a-dd82-4fd9-aa6f-25001eb7acaa,8312,Fred Meyer-Hillsboro #143,Starbucks,72991-93502,503-848-4550,LS,6495 SE Tualatin Valley Hwy,,,Tualatin,OR,US,971237482,-122.91,45.5,-480,Pacific Standard Time,GMT-08:00 America/Los_Angeles,12/8/2013 5:41:59 PM,2/3/2017 12:00:00 AM
7c603de2-05c3-4089-8731-7e04403b3ba8,2574,Southfields - Replingham Road,Starbucks,12297-55099,02088714305,CO,11 Replingham Road,Southfields,,London,ENG,GB,SW18 5LT,-0.21,51.44,0,GMT Standard Time,GMT+0:00 Europe/London,12/8/2013 5:41:59 PM,2/3/2017 12:00:00 AM
76c31769-8481-4d73-a37f-340adb375306,1006725,成都北城天街分店,Starbucks,22250-215524,028-68761533,CO,金牛区,一层27号-1F-001号,五块石1号北城天街B馆,成都市,51,CN,610000,104.07,30.71,480,China Standard Time,GMT+08:00 Asia/Beijing,2/13/2014 12:00:00 AM,2/3/2017 12:00:00 AM
85d26435-552e-4a46-aa4d-1887dcce0661,1007308,Kroger - Portsmouth #542,Starbucks,22592-221946,757-215-4205,LS,1301 Frederick Blvd,,,Portsmouth,VA,US,23707,-76.32,36.83,-300,Eastern Standard Time,GMT-05:00 America/New_York,11/5/2014 12:00:00 AM,2/3/2017 12:00:00 AM
c1f2b42d-f70f-46ba-a879-d1ff0e161ef6,1011252,Julian Alvarez,Starbucks,25325-232985,,LS,Julian Alvarez esq. Santa Fe,,,BUENOS AIRES,C,AR,C1425BGW,-58.41,-34.59,-180,Argentina Standard Time,GMT-03:00 America/Argentina/Bu,11/5/2014 12:00:00 AM,2/3/2017 12:00:00 AM
66354789-9e52-45b3-9268-a024aa3ffe38,94959,温州龙湾万达店,Starbucks,18427-186326,0577-55590696,JV,龙湾区,一楼1001号铺位,永中街道永定路1188号,温州市,33,CN,325000,120.81,27.92,480,China Standard Time,GMT+08:00 Asia/Beijing,12/8/2013 5:41:59 PM,2/3/2017 12:00:00 AM
e9a5645c-7eb7-4818-8f85-c1fb16d6aadb,660,Pinos Get Fresh-Sault Ste Marie,Starbucks,3620-144025,,LS,197 Trunk Rd,,,Sault Ste. Marie,ON,CA,P6A 3S5,-84.29,46.51,-300,Eastern Standard Time,GMT-05:00 America/Toronto,12/8/2013 5:41:59 PM,2/3/2017 12:00:00 AM
393a095b-8e9c-4c0a-9d2a-e934a7801fb3,1006078,Hadapsar,Starbucks,21335-210964,,JV,"Ground Floor, West Block","Amanora Town Centre, Hadapsar",,Pune,MH,IN,411028,73.94,18.52,330,India Standard Time,GMT+05:30 Asia/New_Delhi,12/8/2013 5:41:59 PM,2/3/2017 12:00:00 AM
4de7873c-b586-42f1-8f1a-64827b43b9f0,4089,Niigata BANDAI CITY,Starbucks,30242-49479,,JV,1-6-1 Bandai Chuo-ku,,,Niigata,15,JP,950-0088,139.06,37.92,540,Tokyo Standard Time,GMT+09:00 Asia/Tokyo,12/8/2013 5:41:59 PM,2/3/2017 12:00:00 AM
f8f9a506-53dd-4a64-a6fb-eed8899f1523,13319,Los Altos Rancho,Starbucks,5280-847,6509171359,CO,654 Fremont Ave,,,Los Altos,CA,US,94024,-122.1,37.36,-480,Pacific Standard Time,GMT-08:00 America/Los_Angeles,12/8/2013 5:41:59 PM,2/3/2017 12:00:00 AM
ead61d31-eae4-44e0-b45a-1e65fe9c9f1a,12866,Vons-Las Vegas #1970,Starbucks,74600-69902,702-240-0293,LS,8540 W Desert Inn Rd,,,Las Vegas,NV,US,891179155,-115.28,36.13,-480,Pacific Standard Time,GMT-08:00 America/Los_Angeles,12/8/2013 5:41:59 PM,2/3/2017 12:00:00 AM
df0d22fb-c61f-4e83-b245-1333b98f0374,10702,Target Amsterdam T-2461,Starbucks,70085-136616,518-770-7180,LS,4930 State Hwy 30,,,Amsterdam,NY,US,120107520,-74.19,42.96,-300,Eastern Standard Time,GMT-05:00 America/New_York,12/8/2013 5:41:59 PM,2/3/2017 12:00:00 AM
db494aa9-bcb5-4c29-8529-95ce9388bda1,10383,Kroger-Spring #364,Starbucks,79443-98034,281-370-2072,LS,6060 FM-2920,,,Spring,TX,US,773792542,-95.52,30.08,-360,Central Standard Time,GMT-06:00 America/Chicago,12/8/2013 5:41:59 PM,2/3/2017 12:00:00 AM
28fd9fa9-5eec-4ab2-bc3a-abbc74e8e93e,12353,2525 West End,Starbucks,8356-5891,615-341-0093,CO,2521 West End Ave.,,,Nashville,TN,US,372031423,-86.81,36.15,-360,Central Standard Time,GMT-06:00 America/Chicago,12/8/2013 5:41:59 PM,2/3/2017 12:00:00 AM
de6ec833-0069-47c8-b7d2-09841bc3cd60,1013887,ECI GAIA,Starbucks,27609-248106,,LS,El Corte Ingles Gaia. Porto,Avenida da Republica 1435,,Vila Nova de Gaia Porto,13,PT,4430-999,-8.61,41.13,60,Romance Standard Time,GMT+0:00 Europe/Lisbon,4/21/2016 12:00:00 AM,2/3/2017 12:00:00 AM
1e74a609-a005-4560-b26f-c8ce8ea33b6d,1009856,Amityville- Broadway,Starbucks,24309-237007,,CO,751-827 Broadway,200,,Amityville,NY,US,11701,-73.43,40.7,-300,Eastern Standard Time,GMT-05:00 America/New_York,9/14/2016 12:00:00 AM,2/3/2017 12:00:00 AM
6c612cf8-11ef-4069-8a3a-77177194b33b,15644,Cascade Summit,Starbucks,484-19399,503-723-0085,CO,22750 Salamo Road,,,West Linn,OR,US,970689240,-122.65,45.36,-480,Pacific Standard Time,GMT-08:00 America/Los_Angeles,12/8/2013 5:41:59 PM,2/3/2017 12:00:00 AM
f7ebea41-d989-4c96-aad8-53cb46aa9095,1013126,Wigan - Market Place,Starbucks,28403-250700,,FR,31-33 Market Place,,,Wigan,ENG,GB,WN1 1PE,-2.63,53.55,0,GMT Standard Time,GMT+0:00 Europe/London,9/12/2015 12:00:00 AM,2/3/2017 12:00:00 AM
b0d957b5-035c-479c-985d-574aa8521921,1012049,哈尔滨埃德蒙顿凯德店,Starbucks,27417-247257,,CO,道里区,凯德广场埃德蒙顿地上一层01-05号,埃德蒙顿路38号,哈尔滨,23,CN,150070,126.59,45.73,480,China Standard Time,GMT+08:00 Asia/Beijing,9/29/2015 12:00:00 AM,2/3/2017 12:00:00 AM
4d36093b-286b-4c00-80b9-57839308d4b1,1012526,The Junction - California & Alaska,Starbucks,24837-236918,2066593373,CO,4233 SW Alaska St.,,,Seattle,WA,US,98116,-122.39,47.56,-480,Pacific Standard Time,GMT-08:00 America/Los_Angeles,8/18/2015 12:00:00 AM,2/3/2017 12:00:00 AM
3d2f347d-b3bc-44cc-ae83-6809937d40f5,1012719,Teavana - Alderwood Mall,Teavana,28520-249846,425-774-7740,CO,3000 184th St.N.W.,#218,Alderwood Mall,LYNNWOOD,WA,US,98037,-122.27,47.83,-480,Pacific Standard Time,GMT-08:00 America/Los_Angeles,7/9/2015 12:00:00 AM,2/3/2017 12:00:00 AM
bce7ca24-d2b9-4b6d-8a4e-f3009bd1cace,7237,"Milford, Boston Post Rd.",Starbucks,10353-100691,203-878-1865,CO,1319 Boston Post Rd.,,Post Mall Pad,Milford,CT,US,064602710,-73.04,41.24,-300,Eastern Standard Time,GMT-05:00 America/New_York,12/8/2013 5:41:59 PM,2/3/2017 12:00:00 AM
cfcf136f-b85f-48b4-b356-7216817dd020,19475,Village Newcastle Upon Tyne,Starbucks,3754-145913,1912701414,LS,West Allotment,Cobalt Business Park,,Newcastle upon Tyne,ENG,GB,NE27 0BY,-1.51,55.03,0,GMT Standard Time,GMT+0:00 Europe/London,12/8/2013 5:41:59 PM,2/3/2017 12:00:00 AM
05555f5e-304e-4d6c-ab59-0f146357c3c8,1010450,Cozumel Pama,Starbucks,24969-239446,,LS,Rafael E. Melgar  34  Isla Cozumel,,,COZUMEL,ROO,MX,77609,-86.95,20.51,-360,Central Standard Time (Mexico),GMT-06:00 America/Mexico_City,5/28/2015 12:00:00 AM,2/3/2017 12:00:00 AM
d57e89da-d41f-449f-a2ff-cd9f17246f9c,4817,Venetian,Starbucks,31906-113446,(853)28828086,LS,"Shop 1033a Grand Canal Shoppes, Venetian",Estrada Baia de N Senhora da Esperanca,,Macau,92,CN,,113.56,22.15,480,China Standard Time,GMT+08:00 Asia/Beijing,12/8/2013 5:41:59 PM,2/3/2017 12:00:00 AM
7c852b44-c030-4381-badb-b533705e6add,1006791,Xizhi Datong,Starbucks,21539-212144,,JV,"Datong Rd.,  Xizhi Dist.",,,New Taipei City,TPQ,TW,221,121.66,25.07,480,Taipei Standard Time,GMT+08:00 Asia/Taipei,1/23/2015 12:00:00 AM,2/3/2017 12:00:00 AM
77143fae-8f1f-4636-a928-1b891e178bc2,15221,Canyon Park,Starbucks,323-270,425-486-0668,CO,22833 Bothell Everett Hwy,,,Bothell,WA,US,980219385,-122.22,47.79,-480,Pacific Standard Time,GMT-08:00 America/Los_Angeles,12/8/2013 5:41:59 PM,2/3/2017 12:00:00 AM
7a238f48-3a8d-456e-bc98-73916a3da8a8,4200,Minoh Onohara,Starbucks,1842-140550,,JV,5-5-19 Onoharanishi,,,Minoh,27,JP,562-0032,135.51,34.83,540,Tokyo Standard Time,GMT+09:00 Asia/Tokyo,12/8/2013 5:41:59 PM,2/3/2017 12:00:00 AM
d1434118-e8b8-4e37-9758-feb4a87cadf7,116623,Yonge & Lawrence,Starbucks,17627-180704,(416) 486-0220,CO,3050 Yonge Street,,,Toronto,ON,CA,M4N 2K4,-79.4,43.72,-300,Eastern Standard Time,GMT-05:00 America/Toronto,12/8/2013 5:41:59 PM,2/3/2017 12:00:00 AM
f2e28e32-d385-40b1-9478-e300c93034e0,1005326,Starbucks,Starbucks,19398-201886,362 4376277,LS,Cumhuriyet Mah Adnan,Menderes Bulv No: 367,,Samsun,55,TR,55200,36.26,41.34,120,Turkey Standard Time,GMT+2:00 Asia/Istanbul,12/8/2013 5:41:59 PM,2/3/2017 12:00:00 AM
22097fb9-3ac3-4a0e-ad72-1ed404cff42f,1016246,Cal Poly Slo - Mobile Truck,Starbucks,50089-266344,,LS,BLDG 19,,,SAN LUIS OBISPO,CA,US,93407,-120.66,35.3,-480,Pacific Standard Time,GMT-08:00 America/Los_Angeles,9/27/2016 12:00:00 AM,2/3/2017 12:00:00 AM
214a117a-156f-4d97-9a94-cddfbef48a93,10872,Milwaukee & Greggs Pkwy,Starbucks,13832-107647,847-367-4139,CO,1640 N. Milwaukee Ave.,Suite 100,,Vernon Hills,IL,US,600611596,-87.95,42.26,-360,Central Standard Time,GMT-06:00 America/Chicago,12/8/2013 5:41:59 PM,2/3/2017 12:00:00 AM
c6023d86-343b-425e-8865-fd64b43280b0,3456,TSUTAYA Kyoto Reseach Park,Starbucks,30545-95164,,JV,91 Chudojiawatacho Shimogyo-ku,,,Kyoto,26,JP,600-8815,135.74,35.0,540,Tokyo Standard Time,GMT+09:00 Asia/Tokyo,12/8/2013 5:41:59 PM,2/3/2017 12:00:00 AM
6e79bfd8-0523-4613-8fe0-a173be0ae1c9,8672,Westlake & Thousand Oaks,Starbucks,5445-863,(805) 777-1196,CO,111 S. Westlake Blvd.,#B-4,,Thousand Oaks,CA,US,913623807,-118.82,34.16,-480,Pacific Standard Time,GMT-08:00 America/Los_Angeles,12/8/2013 5:41:59 PM,2/3/2017 12:00:00 AM
e9fbc5a0-be4f-4afd-b554-c9de4886240f,7229,Fred Meyer-Puyallup #424,Starbucks,79305-93992,253-445-7840,LS,17404 Meridian E,,,Puyallup,WA,US,983756234,-122.3,47.1,-480,Pacific Standard Time,GMT-08:00 America/Los_Angeles,12/8/2013 5:41:59 PM,2/3/2017 12:00:00 AM
52916422-579e-45f3-9aff-191300b0d6c3,7556,Monte Vista & Hwy 99,Starbucks,11470-105119,209-634-2794,CO,3220 Countryside Drive,,,Turlock,CA,US,953808426,-120.88,37.52,-480,Pacific Standard Time,GMT-08:00 America/Los_Angeles,12/8/2013 5:41:59 PM,2/3/2017 12:00:00 AM
62c1488a-6046-42da-9ad9-cdb9cf856cb7,4531,서초역점,Starbucks,3041-144886,02-758-8289,JV,1542-14,,,서울,11,KR,137-070,127.01,37.49,540,Korea Standard Time,GMT+09:00 Asia/Seoul,12/8/2013 5:41:59 PM,2/3/2017 12:00:00 AM
8227a77b-21b7-4a4f-9cbb-dd81d36210dc,761,11 Clair Rd W,Starbucks,4747-104225,519-822-8462,CO,11 Clair Road West,,,Guelph,ON,CA,N1L 0A6,-80.19,43.5,-300,Eastern Standard Time,GMT-05:00 America/Toronto,12/8/2013 5:41:59 PM,2/3/2017 12:00:00 AM
e9682004-2ddc-4da8-adb8-b44bfca838a4,1006092,U of AR- Smith Pendergraft Campus C,Starbucks,21675-208464,,LS,5210 Grand Ave,,,Ft. Smith,AR,US,72913,-94.35,35.35,-360,Central Standard Time,GMT-06:00 America/Chicago,12/8/2013 5:41:59 PM,2/3/2017 12:00:00 AM
f12fc05b-b846-48f6-8dcd-5a2c39168d14,16861,Albertsons-Las Vegas #6046,Starbucks,73363-25330,702-877-3338,LS,1001 S. Rainbow Blvd.,,,Las Vegas,NV,US,891456232,-115.25,36.16,-480,Pacific Standard Time,GMT-08:00 America/Los_Angeles,12/8/2013 5:41:59 PM,2/3/2017 12:00:00 AM
980f9951-b7ec-4a26-9336-fd282b8e0786,1014146,青岛凯德新都心店,Starbucks,47170-254724,,CO,市北区,凯德Mall新都心地上一层01-27号,黑龙江南路16、18号,青岛市,37,CN,266000,120.39,36.11,480,China Standard Time,GMT+08:00 Asia/Beijing,7/7/2016 12:00:00 AM,2/3/2017 12:00:00 AM
aa6f7e54-d6fc-4720-abc6-55f7d9816f97,2452,Edinburgh - Haymarket Station,Starbucks,12629-100508,01313379050,CO,1a Haymarket Railway Station,,,Edinburgh,SCT,GB,EH12 5EY,-3.22,55.95,0,GMT Standard Time,GMT+0:00 Europe/London,12/8/2013 5:41:59 PM,2/3/2017 12:00:00 AM
566ec8d2-4f6d-4079-863c-3b1d6d14adb8,17292,"Craig & Jones, Las Vegas",Starbucks,9888-98133,702-395-2205,CO,6020 W. Craig Rd,#110,Lowe's Marketplace Northwest,Las Vegas,NV,US,891302568,-115.23,36.24,-480,Pacific Standard Time,GMT-08:00 America/Los_Angeles,12/8/2013 5:41:59 PM,2/3/2017 12:00:00 AM
87d41924-c674-4e7e-92d7-84dfd274a968,69715,南京德基店,Starbucks,16658-174187,,JV,中山路18号B1-130铺位,,德基广场,南京市,32,CN,210000,118.79,32.04,480,China Standard Time,GMT+08:00 Asia/Beijing,12/8/2013 5:41:59 PM,2/3/2017 12:00:00 AM
9d9b8995-66d5-4437-9ae4-95ad1c34b790,14437,Financial Plaza - Bishop & Merchant,Starbucks,21019-13626,808-585-8658,CO,130 Merchant Street #111,,,Honolulu,HI,US,968134426,-157.86,21.31,-600,Hawaiian Standard Time,GMT-10:00 Pacific/Honolulu,12/8/2013 5:41:59 PM,2/3/2017 12:00:00 AM
1eed1538-f391-4668-8e2a-088dc3891d37,113936,Starbucks Gambir,Starbucks,18642-193804,021-34834643,LS,Jl. Medan Merdeka Timur,Area Keberangkatan,,Jakarta,JK,ID,10110,106.83,-6.18,420,SE Asia Standard Time,GMT+07:00 Asia/Jakarta,12/8/2013 5:41:59 PM,2/3/2017 12:00:00 AM
d82ea914-9bb9-48ff-a5a1-329c40590980,1013548,El San Juan,Starbucks,29402-253682,,LS,6063 Isla Verde Ave,,,Carolina,PR,PR,979,-66.02,18.44,-240,SA Western Standard Time,GMT-04:00 America/Puerto_Rico,10/15/2015 12:00:00 AM,2/3/2017 12:00:00 AM
99dcffcd-aa62-4f11-9a2c-1291d743834e,9467,King of Prussia Mall -Court Level 2,Starbucks,10171-99122,610-962-1060,CO,690 West Dekalb Pike,Suite 2092,The Court at King of Prussia Mall,King of Prussia,PA,US,194062943,-75.39,40.09,-300,Eastern Standard Time,GMT-05:00 America/New_York,12/8/2013 5:41:59 PM,2/3/2017 12:00:00 AM
c6331ca1-f3c7-40c0-ba62-60c0db037820,13861,"SEA SeaTac Concourse A, Space 2",Starbucks,75667-93767,,LS,2580 S 156th St,,,Seattle,WA,US,981581132,-122.3,47.44,-480,Pacific Standard Time,GMT-08:00 America/Los_Angeles,12/8/2013 5:41:59 PM,2/3/2017 12:00:00 AM
f803b98a-567c-4c06-aaee-97ffaa2e0b1e,8602,Hwy 119 & Kent Dairy,Starbucks,10796-102254,205-685-9705,CO,2171 Kent Dairy Rd,,,Alabaster,AL,US,350075387,-86.83,33.21,-360,Central Standard Time,GMT-06:00 America/Chicago,12/8/2013 5:41:59 PM,2/3/2017 12:00:00 AM
f36c7304-76e3-4cb6-b815-14fcdf560899,20221,Harvard Yard,Starbucks,7102-153944,6173543726,CO,1380 Mass Ave,,Harvard Yard,Cambridge,MA,US,02138,-71.12,42.37,-300,Eastern Standard Time,GMT-05:00 America/New_York,12/8/2013 5:41:59 PM,2/3/2017 12:00:00 AM
f1e2c01f-9f47-4e15-b3d2-e832c00d282f,14421,Boonsboro,Starbucks,7893-83505,434-384-6724,CO,4925 Boonsboro Road,,,Lynchburg,VA,US,245032207,-79.22,37.45,-300,Eastern Standard Time,GMT-05:00 America/New_York,12/8/2013 5:41:59 PM,2/3/2017 12:00:00 AM
700b79dd-0101-4306-a4ae-0acb7dbed574,9522,Sunset & Merganser - Suisun City,Starbucks,8728-73248,707-429-1867,CO,193 Sunset Ave,Suite A,Sunset Center,Suisun City,CA,US,945852063,-122.02,38.25,-480,Pacific Standard Time,GMT-08:00 America/Los_Angeles,12/8/2013 5:41:59 PM,2/3/2017 12:00:00 AM
878a92b6-acb2-4cdc-acbc-36f69d1a3c1a,4776,البدع,Starbucks,30870-98466,22253171,LS,"بلوك 12, شارع التعاون",,قطعة 12,مدينة الكويت,KU,KW,,48.09,29.32,180,Arab Standard Time,GMT+000000 Asia/Kuwait,12/8/2013 5:41:59 PM,2/3/2017 12:00:00 AM
7c3ca12f-ce78-4bd9-b8b6-08232555ff21,63146,TSUTAYA Osaki Eki-mae,Starbucks,15408-150965,,LS,2-10-1 Osaki,,,Shinagawa-ku,13,JP,141-0032,139.73,35.62,0,UTC,GMT+09:00 Asia/Tokyo,12/8/2013 5:41:59 PM,2/3/2017 12:00:00 AM
f84e6e8c-ece0-4f52-a9d9-393fe995b8eb,1014860,Aeon Mall,Starbucks,47303-255586,,LS,"G/F, Lot-E0014 Aeon Mall, Phnom Penh",,,Phnom Penh,12,KH,,104.93,11.55,420,SE Asia Standard Time,GMT+000000 Asia/Phnom_Penh,5/26/2016 12:00:00 AM,2/3/2017 12:00:00 AM
edf980b7-3c08-4894-b091-1c7c969ecc00,1007890,Cheongdam Sageori,Starbucks,22689-223665,,JV,"6-4, Cheongdam-dong, Gangnam-gu",,,Seoul,11,KR,135-949,127.05,37.52,540,Korea Standard Time,GMT+09:00 Asia/Seoul,2/28/2014 12:00:00 AM,2/3/2017 12:00:00 AM
37ab4eb6-226e-4c78-aff9-048858feaca8,113920,Rohnert Park & Commerce,Starbucks,5418-179167,,CO,6277 Commerce Blvd,,,Rohnert Park,CA,US,94928,-122.71,38.35,-480,Pacific Standard Time,GMT-08:00 America/Los_Angeles,12/8/2013 5:41:59 PM,2/3/2017 12:00:00 AM
06eb445e-ba96-4aca-a1c6-8f85ff2236e7,14899,Shoreline & Almonte - Mill Valley,Starbucks,5941-38480,415-383-4437,CO,247 Shoreline Highway,Unit A-5,Redwood Square,Mill Valley,CA,US,949413664,-122.53,37.88,-480,Pacific Standard Time,GMT-08:00 America/Los_Angeles,12/8/2013 5:41:59 PM,2/3/2017 12:00:00 AM
e7959251-4e03-4c91-96c8-f39a26891394,6214,CYC Hospital,Starbucks,33418-93080,,JV,"No. 539,  Jhongsiao Rd.",1F,,Chiayi City,CYI,TW,600,120.45,23.5,480,Taipei Standard Time,GMT+08:00 Asia/Taipei,12/8/2013 5:41:59 PM,2/3/2017 12:00:00 AM
64109cad-c97e-4896-9903-470b2f64db19,13770,Target Pasadena T-883,Starbucks,76198-94545,626-584-1606,LS,777 E Colorado Blvd,,,Pasadena,CA,US,911012104,-118.13,34.15,-480,Pacific Standard Time,GMT-08:00 America/Los_Angeles,12/8/2013 5:41:59 PM,2/3/2017 12:00:00 AM
e7a90018-5b25-43b0-94eb-d200ac31e95c,113667,Coleman & Newhall,Starbucks,5436-164304,,CO,540 Newhall Drive,20,,San Jose,CA,US,95110,-121.92,37.35,-480,Pacific Standard Time,GMT-08:00 America/Los_Angeles,12/8/2013 5:41:59 PM,2/3/2017 12:00:00 AM
d4aafa7f-1ba0-407e-b865-80c425494dcc,1622,广州中石化大厦店,Starbucks,32647-134276,020-38922050,CO,天河区体育西路191号,1/29A、1/30A、1/30B号单元,中石化大厦柏西商都首层1/29、,广州市,44,CN,510620,113.32,23.14,480,China Standard Time,GMT+08:00 Asia/Beijing,12/8/2013 5:41:59 PM,2/3/2017 12:00:00 AM
a4d6cc9a-34ef-47fb-861f-b98601f176d7,1013970,Suanplern Market,Starbucks,26661-239307,614172004,CO,"Rama 4 Road, Klongtan, Klongtey",,,Bangkok,10,TH,10110,100.57,13.72,420,SE Asia Standard Time,GMT+07:00 Asia/Bangkok,12/19/2015 12:00:00 AM,2/3/2017 12:00:00 AM
92dc3577-552b-48e5-bb70-16e22b77ba62,6917,144th and I-25-Westminster,Starbucks,13233-105953,303-450-5034,CO,14456 Delaware Street,,,Westminster,CO,US,800239265,-104.99,39.96,-420,Mountain Standard Time,GMT-07:00 America/Denver,12/8/2013 5:41:59 PM,2/3/2017 12:00:00 AM
38fdc533-fd76-4af5-af5d-32073d7a4548,7188,"Durango & Elkhorn, Las Vegas",Starbucks,10042-99280,702-396-5821,CO,7170 N. Durango Drive,#110,,Las Vegas,NV,US,891494476,-115.29,36.29,-480,Pacific Standard Time,GMT-08:00 America/Los_Angeles,12/8/2013 5:41:59 PM,2/3/2017 12:00:00 AM
89d6fa6b-e114-40fb-82b3-b31a889309fe,12362,Albertsons - Colburg #572,Starbucks,73336-21780,541-342-7635,LS,311 Coburg Rd,,,Eugene,OR,US,974016109,-123.07,44.07,-480,Pacific Standard Time,GMT-08:00 America/Los_Angeles,12/8/2013 5:41:59 PM,2/3/2017 12:00:00 AM
bd83bc91-7065-4c1e-ba07-840d13b56540,716,Cedar Hills-96th & 128th,Starbucks,4715-101540,(604) 582-2974,CO,12840 96th Avenue,,Cedar Hills,Surrey,BC,CA,V3V 6A8,-122.87,49.18,-480,Pacific Standard Time,GMT-08:00 America/Vancouver,12/8/2013 5:41:59 PM,2/3/2017 12:00:00 AM
f26c7cd8-6841-49d7-aaeb-e022a09d1aaf,1006283,Daejeon Noeun Station,Starbucks,17427-181867,,JV,"907-3, Jijok-dong, Yuseong-gu",,,Daejeon,30,KR,305-330,127.19,36.22,540,Korea Standard Time,GMT+09:00 Asia/Seoul,12/8/2013 5:41:59 PM,2/3/2017 12:00:00 AM
85a3e2f3-9f7f-49f2-a40d-d261253aa45a,11933,Safeway-Vancouver #1704,Starbucks,74134-26787,360-944-2680,LS,6700 NE 162nd Ave. Suite 500,,,Vancouver,WA,US,986823864,-122.51,45.67,-480,Pacific Standard Time,GMT-08:00 America/Los_Angeles,12/8/2013 5:41:59 PM,2/3/2017 12:00:00 AM
563c76f3-c35e-4d6d-82f2-44ccfab7b538,7687,Safeway-Springfield #1094,Starbucks,79768-127826,541-747-0715,LS,1891 Pioneer Pkwy E,,,Springfield,OR,US,974773935,-123.02,44.06,-480,Pacific Standard Time,GMT-08:00 America/Los_Angeles,12/8/2013 5:41:59 PM,2/3/2017 12:00:00 AM
1414c951-7311-4660-ab19-5e51c03c25b7,7589,"Kroger-Gainsville, GA #437",Starbucks,72540-107432,770-532-1143,LS,3630 Thompson Bridge Rd.,,,Gainesville,GA,US,305061519,-83.87,34.37,-300,Eastern Standard Time,GMT-05:00 America/New_York,12/8/2013 5:41:59 PM,2/3/2017 12:00:00 AM
a1da8a7b-7766-497b-ad46-0fa770eb45d7,353,Safeway - Edmonton #808,Starbucks,74961-102938,,LS,8118 118th Avenue NW,,,Edmonton,AB,CA,T5B 0S1,-113.47,53.57,-420,Mountain Standard Time,GMT-07:00 America/Edmonton,12/8/2013 5:41:59 PM,2/3/2017 12:00:00 AM
4ffa615d-afb9-4e94-9cd1-6d73f04fda06,92836,Hwy 17 & Hwy 544-Myrtle Beach,Starbucks,18021-100541,8436506602,CO,102 Loyola Drive,A,,Myrtle Beach,SC,US,29575,-78.99,33.64,-300,Eastern Standard Time,GMT-05:00 America/New_York,12/8/2013 5:41:59 PM,2/3/2017 12:00:00 AM
2e432e64-28be-4023-9ead-5815d3d6cc78,17000,Piedmont,Starbucks,14047-108074,(503) 283-0671,CO,6003 NE MLK Drive,,,Portland,OR,US,972134035,-122.66,45.57,-480,Pacific Standard Time,GMT-08:00 America/Los_Angeles,12/8/2013 5:41:59 PM,2/3/2017 12:00:00 AM
1dfd7c3d-dec0-451c-afab-23ae9b34feaa,1006974,145 Richmond Street West,Starbucks,19664-198964,(416) 360-2821,CO,145 Richmond Street West,Unit 102,Hilton Toronto,Toronto,ON,CA,M5H 2L2,-79.39,43.65,-300,Eastern Standard Time,GMT-05:00 America/Toronto,5/3/2014 12:00:00 AM,2/3/2017 12:00:00 AM
f31051cc-5a19-4217-9930-c7647b3c12ae,1012113,SSP Bristol Airport,Starbucks,31128-240464,,LS,New Terminal Building,Room B13,,Bristol,ENG,GB,BS48 3DY,-2.71,51.39,0,GMT Standard Time,GMT+0:00 Europe/London,11/11/2015 12:00:00 AM,2/3/2017 12:00:00 AM
32fe179c-492a-4d12-91a2-02108084aef0,8725,College & Bennington,Starbucks,6331-10498,225-216-7880,CO,3009 College Drive,,,Baton Rouge,LA,US,708083118,-91.14,30.42,-360,Central Standard Time,GMT-06:00 America/Chicago,12/8/2013 5:41:59 PM,2/3/2017 12:00:00 AM
4b7c0c55-5ef6-453e-bb2e-2ca129c1dc37,14136,Rose Hill - Kirkland,Starbucks,3414-88083,425-827-5247,CO,12209 NE 85th St,,,Kirkland,WA,US,980338036,-122.18,47.68,-480,Pacific Standard Time,GMT-08:00 America/Los_Angeles,12/8/2013 5:41:59 PM,2/3/2017 12:00:00 AM
a7447c70-0860-4af6-99d7-9746140820a8,14950,Ambassador Pkwy & Inez,Starbucks,8694-93854,337-981-5564,CO,3148 Ambassador Caffery Pkwy,,,Lafayette,LA,US,705067221,-92.08,30.19,-360,Central Standard Time,GMT-06:00 America/Chicago,12/8/2013 5:41:59 PM,2/3/2017 12:00:00 AM
c71dc5e3-68e6-46af-acfb-eff717feeb92,1012601,嘉兴海宁正翔店,Starbucks,27018-246349,,JV,联合路97号,海宁正翔商业广场,海宁正翔商业广场1层1021商铺,嘉兴市,33,CN,314400,120.68,30.52,480,China Standard Time,GMT+08:00 Asia/Beijing,8/18/2015 12:00:00 AM,2/3/2017 12:00:00 AM
5b74f761-1994-4b8e-9e26-04fb2c53ae5d,11371,George Washington Univ Hospital,Starbucks,75238-85016,202-715-4187,LS,900 23rd St NW,,,Washington,DC,US,200372342,-77.05,38.9,-300,Eastern Standard Time,GMT-05:00 America/New_York,12/8/2013 5:41:59 PM,2/3/2017 12:00:00 AM
85c45fb4-9f9b-41fb-bbfe-8fbf04dc160a,8809,Mt Diablo & Oak Hill Rd,Starbucks,560-502,925-284-5811,CO,3547 A Mt Diablo Blvd,,,Lafayette,CA,US,945493855,-122.12,37.89,-480,Pacific Standard Time,GMT-08:00 America/Los_Angeles,12/8/2013 5:41:59 PM,2/3/2017 12:00:00 AM
b5a6b759-ac59-4cad-933d-26744522cb32,68934,Plaza Aragon,Starbucks,15614-163324,,LS,Av. Carlos Hank Gonzalez No. 120,Col. Rinconada de Aragon. Local 115,,Ecatepec,MX,MX,55140,-99.03,19.53,-360,Central Standard Time (Mexico),GMT-06:00 America/Mexico_City,12/8/2013 5:41:59 PM,2/3/2017 12:00:00 AM
6e1efc4b-f5ee-441f-96ef-dc21310854a3,13715,Yonkers,Starbucks,7901-67260,914-337-0139,CO,2458 Central Park Avenue,,,Yonkers,NY,US,107101125,-73.83,40.98,-300,Eastern Standard Time,GMT-05:00 America/New_York,12/8/2013 5:41:59 PM,2/3/2017 12:00:00 AM
10d6741a-0f6b-4c91-b51c-ecc4eb2c44eb,1009221,Southampton - Southbrook Rd,Starbucks,23485-230746,02380 230417,FR,"Lower Ground Floor, Grenville House",Nelson Gate,,Southampton,ENG,GB,SO15 1GX,-1.41,50.91,0,GMT Standard Time,GMT+0:00 Europe/London,3/13/2015 12:00:00 AM,2/3/2017 12:00:00 AM
87f0635d-f096-403e-91d3-1145d1a53f1b,1012812,Teavana - Park Place,Teavana,28616-249914,520-747-2686,CO,5870 East Broadway Blvd.,#138,Park Place,Tucson,AZ,US,85711,-110.87,32.22,-420,US Mountain Standard Time,GMT+000000 America/Phoenix,7/11/2015 12:00:00 AM,2/3/2017 12:00:00 AM
8affe0ab-1ac6-4efc-8b08-b81863b8df07,1012663,Teavana - Annapolis Mall,Teavana,28438-249799,410-571-9797,CO,2002 ANNAPOLIS MALL,,Annapolis Mall,ANNAPOLIS,MD,US,21401,-76.55,38.99,-300,Eastern Standard Time,GMT-05:00 America/New_York,7/8/2015 12:00:00 AM,2/3/2017 12:00:00 AM
9193b9f9-5ad3-40b1-9fac-e3a28afd1ec6,5216,Sunway Pyramid 2,Starbucks,31982-114991,03-56310613,LS,"No. 1, Jalan PJS 11/15, Bandar Sunway","Lot LG1.110, Lower Ground",,Petaling Jaya,10,MY,46150,101.6,3.07,480,Singapore Standard Time,GMT+08:00 Asia/Kuala_Lumpur,12/8/2013 5:41:59 PM,2/3/2017 12:00:00 AM
73c1df5b-fbd2-4db5-aa38-e36589ba8d26,7297,Target Anaheim T-2421,Starbucks,76918-131629,(714) 422-1120,LS,101 S Euclid,,,Anaheim,CA,US,928021011,-117.94,33.83,-480,Pacific Standard Time,GMT-08:00 America/Los_Angeles,12/8/2013 5:41:59 PM,2/3/2017 12:00:00 AM
4dfb5e03-79cf-4215-8c4c-55044c84ed42,7696,"University & Espina, Las Cruces",Starbucks,11645-103636,575-647-2948,CO,985 University Avenue,A,,Las Cruces,NM,US,880015638,-106.76,32.28,-420,Mountain Standard Time,GMT-07:00 America/Denver,12/8/2013 5:41:59 PM,2/3/2017 12:00:00 AM
fcbe2679-4511-48e5-bca2-5cd9d16f5203,1600,广州百福广场店,Starbucks,31506-108607,020-38805568,CO,天河区,百福广场首层A2铺,体育东路112号,广州市,44,CN,510620,113.33,23.14,480,China Standard Time,GMT+08:00 Asia/Beijing,12/8/2013 5:41:59 PM,2/3/2017 12:00:00 AM
63e77262-3ecd-43df-b33f-4a23442fa93f,14124,Safeway-Pullman #2639,Starbucks,74404-92180,509-334-0803,LS,430 SE Bishop Blvd,,,Pullman,WA,US,991635503,-117.18,46.72,-480,Pacific Standard Time,GMT-08:00 America/Los_Angeles,12/8/2013 5:41:59 PM,2/3/2017 12:00:00 AM
66d1fb1e-55c9-4139-b230-e0cf5c79dc0d,2056,Koenigstrasse 44,Starbucks,40941-96842,497111204301,CO,Koenigstrasse 44,,,Stuttgart,BW,DE,70173,9.18,48.78,60,W. Europe Standard Time,GMT+1:00 Europe/Berlin,12/8/2013 5:41:59 PM,2/3/2017 12:00:00 AM
b44c27bf-ca3e-4083-af46-afce17b11992,13109,Vons-Valencia #2030,Starbucks,74506-25650,661-254-3570,LS,25850 N. The Old Road,,,Valencia,CA,US,91355,-118.57,34.39,-480,Pacific Standard Time,GMT-08:00 America/Los_Angeles,12/8/2013 5:41:59 PM,2/3/2017 12:00:00 AM
96f31de8-2a4f-4375-a53e-b8bbaee03b5c,1012933,Guelph LA residence,Starbucks,27779-242428,,LS,50 Stone Road East,,,Guelph,ON,CA,N1G 2W1,-80.23,43.53,-300,Eastern Standard Time,GMT-05:00 America/Toronto,9/9/2015 12:00:00 AM,2/3/2017 12:00:00 AM
9d348718-fe25-4a65-bf17-c464e0aa74d9,1005185,Zuellig Building - Makati,Starbucks,17779-171985,2113413,LS,Paseo de Roxas corner Makati Avenue,2F,,Makati City,41,PH,1225,121.03,14.56,480,Singapore Standard Time,GMT+08:00 Asia/Manila,12/8/2013 5:41:59 PM,2/3/2017 12:00:00 AM
3b350cba-14e0-4880-83c6-fc0aa70ba683,16106,Albertsons-Phoenix #1004,Starbucks,73583-79483,623-582-4985,LS,3130 W Carefree Hwy,,,Phoenix,AZ,US,850863200,-112.13,33.8,-420,US Mountain Standard Time,GMT+000000 America/Phoenix,12/8/2013 5:41:59 PM,2/3/2017 12:00:00 AM
049a6f52-974c-475a-a8f4-9f7f0259e1b9,88868,Shopping ABC,Starbucks,16179-165745,4468-1643,CO,"Av. Pereira Barreto, 42, Loja 411B",Piso P2,,Santo Andre,SP,BR,09190-900,-46.53,-23.67,-120,E. South America Standard Time,GMT-03:00 America/Sao_Paulo,12/8/2013 5:41:59 PM,2/3/2017 12:00:00 AM
744e15b8-c900-4332-b540-dd6335ab9aff,1008447,Olympic Park South Gate,Starbucks,22515-221304,,JV,"165-3 Bangi-dong,Songpa-gu",,,Seoul,11,KR,138-050,127.12,37.51,540,Korea Standard Time,GMT+09:00 Asia/Seoul,6/4/2014 12:00:00 AM,2/3/2017 12:00:00 AM
0cd09555-16b3-4138-869b-96c58fbc78d0,10405,US 79 & CR 122,Starbucks,10617-100445,512-388-7205,CO,4450 E Palm Valley Blvd,"Bldg B, Ste100",Palm Valley Shopping Center,Round Rock,TX,US,786659444,-97.62,30.53,-360,Central Standard Time,GMT-06:00 America/Chicago,12/8/2013 5:41:59 PM,2/3/2017 12:00:00 AM
ef4ad09a-ddf8-4d8b-b8de-4a94f031505f,113435,NJ James Cooper Travel Plaza,Starbucks,17219-176967,856-234-4930,LS,5 Hartford Rd,,,Mount Laurel,NJ,US,08054,-74.89,39.98,-300,Eastern Standard Time,GMT-05:00 America/New_York,12/8/2013 5:41:59 PM,2/3/2017 12:00:00 AM
b239e8fb-0ae2-418c-912e-7e3b6f26a28b,19405,东莞天一城店,Starbucks,12460-154645,0769-82337907,CO,樟木头镇,天一城购物中心1层,莞樟路与西城路交汇处,东莞市,44,CN,523616,114.06,22.91,480,China Standard Time,GMT+08:00 Asia/Beijing,12/8/2013 5:41:59 PM,2/3/2017 12:00:00 AM
d8bbcbcf-b6df-4114-ada5-d9a0949163be,12269,Cockeysville,Starbucks,8989-94176,410-666-8842,CO,10015 York Road,,,Timonium,MD,US,210303334,-76.64,39.46,-300,Eastern Standard Time,GMT-05:00 America/New_York,12/8/2013 5:41:59 PM,2/3/2017 12:00:00 AM
5d5d0ee5-955f-40d5-b36d-d5a79d451bb6,18328,Parkway & Wears Valley Road,Starbucks,13505-106987,(865) 429-3124,CO,2491 HIGHWAY 441,,,Pigeon Forge,TN,US,37863,-83.58,35.81,-300,Eastern Standard Time,GMT-05:00 America/New_York,12/8/2013 5:41:59 PM,2/3/2017 12:00:00 AM
b706e790-01a3-4619-aaeb-baa2ae14505b,1009486,Ferris State University,Starbucks,23849-108423,,LS,805 Campus Dr,,,Big Rapids,MI,US,493072289,-85.48,43.68,-300,Eastern Standard Time,GMT-05:00 America/New_York,1/21/2015 12:00:00 AM,2/3/2017 12:00:00 AM
d8ca2668-5b98-4053-83da-e713b7d50935,91727,苏州中润店,Starbucks,17166-170814,0512-66350117,JV,吴中区,丽丰广场1F,宝带东路399号,苏州市,32,CN,215011,120.63,31.27,480,China Standard Time,GMT+08:00 Asia/Beijing,12/8/2013 5:41:59 PM,2/3/2017 12:00:00 AM
b2bee1c6-ba95-4063-b648-846ba39e055d,68943,EXPASA Dangozaka Service Area (Down,Starbucks,16430-162687,,JV,710 Notajiri,,,Uenohara,19,JP,409-0125,139.06,35.63,540,Tokyo Standard Time,GMT+09:00 Asia/Tokyo,12/8/2013 5:41:59 PM,2/3/2017 12:00:00 AM
8a3b8cc3-a569-42c6-9cfb-8c989373a2a2,10339,QFC - Issaquah/Klahanie #840,Starbucks,79387-101216,425-392-2776,LS,4570 Klahanie Dr SE,,,Issaquah,WA,US,980295812,-122.0,47.57,-480,Pacific Standard Time,GMT-08:00 America/Los_Angeles,12/8/2013 5:41:59 PM,2/3/2017 12:00:00 AM
8303c188-49c7-42b4-9080-48c0ed63b1c6,18670,McCaslin & Century,Starbucks,5587-137175,303-926-1568,CO,459 McCaslin Blvd,Suite 7,,Louisville,CO,US,80027,-105.16,39.97,-420,Mountain Standard Time,GMT-07:00 America/Denver,12/8/2013 5:41:59 PM,2/3/2017 12:00:00 AM
e467bf04-a52d-4da0-9484-e251f18dc67d,8462,Target Modesto/Riverbank T-2096,Starbucks,76495-99395,209-863-1270,LS,2425 Clarabel Rd,,,Riverbank,CA,US,953679456,-120.94,37.72,-480,Pacific Standard Time,GMT-08:00 America/Los_Angeles,12/8/2013 5:41:59 PM,2/3/2017 12:00:00 AM
e7e99f06-f414-4ddf-b964-fb517041217c,68284,青岛四季春天宝龙店,Starbucks,15903-166745,0532-66738103,CO,城阳区,,文阳路269号,青岛市,37,CN,266109,120.4,36.3,480,China Standard Time,GMT+08:00 Asia/Beijing,12/8/2013 5:41:59 PM,2/3/2017 12:00:00 AM
ed950612-8a3d-4fa8-85ef-9ba924cf1653,1016615,Cambridge - Hwy 95 and Hwy 65,Starbucks,48164-261724,612-257-4407,CO,Highway 95,,,Cambridge,MN,US,55008,-93.21,45.57,-360,Central Standard Time,GMT-06:00 America/Chicago,12/2/2016 12:00:00 AM,2/3/2017 12:00:00 AM
bd614a99-a291-4f10-ae5c-1dad221e219c,1016013,75th & Cass,Starbucks,29650-253957,3128332013,CO,7517 S. Cass Ave,,,Darien,IL,US,60561,-87.97,41.75,-360,Central Standard Time,GMT-06:00 America/Chicago,9/27/2016 12:00:00 AM,2/3/2017 12:00:00 AM
9a73c746-b57e-4475-bf43-dde4d3455e9e,16653,Loop 1604 & Bandera,Starbucks,6628-66260,210-509-4717,CO,11620 Bandera Road,Suite 101,HEB Shopping Center #32,San Antonio,TX,US,782506833,-98.66,29.55,-360,Central Standard Time,GMT-06:00 America/Chicago,12/8/2013 5:41:59 PM,2/3/2017 12:00:00 AM
a4a95b13-9a95-477b-b0f9-1da6566e766e,1014594,Best Western,Starbucks,28149-250305,,LS,"Baghdad St. Ln 2, Salmiya",,,Salmiya,HA,KW,,48.04,29.34,180,Arab Standard Time,GMT+000000 Asia/Kuwait,4/7/2016 12:00:00 AM,2/3/2017 12:00:00 AM
c517e2c6-a210-4c0d-9280-693f34665676,4272,CAINZ MALL Hikone,Starbucks,31179-106524,,JV,2-1-1 Banba,,,Hikone,25,JP,522-0069,136.24,35.28,540,Tokyo Standard Time,GMT+09:00 Asia/Tokyo,12/8/2013 5:41:59 PM,2/3/2017 12:00:00 AM
17fa70d0-7da8-4d6c-bb73-6710cfb80a0f,1012884,Brno náměstí Svobody,Starbucks,28747-250828,420235013549,JV,Náměstí Svobody 103/5,,,Brno,JM,CZ,602 00,16.61,49.2,-120,UTC-02,GMT+1:00 Europe/Prague,2/3/2016 12:00:00 AM,2/3/2017 12:00:00 AM
12dc308e-c411-4cb5-845e-b41429c29ff6,91894,Target Grandville T-2818,Starbucks,18115-177050,616-222-7660,LS,3130 44th St SW,,,Grandville,MI,US,49418,-85.74,42.88,-300,Eastern Standard Time,GMT-05:00 America/New_York,12/8/2013 5:41:59 PM,2/3/2017 12:00:00 AM
11e4ec03-9616-4f00-b07a-02c8f48eff06,10281,Placer Heights - Redding,Starbucks,9903-98975,530-241-4174,CO,3425 Placer Street,Suite A,Placer Heights Shopping Center,Redding,CA,US,960012335,-122.42,40.57,-480,Pacific Standard Time,GMT-08:00 America/Los_Angeles,12/8/2013 5:41:59 PM,2/3/2017 12:00:00 AM
ce0685bc-9266-4adb-9d60-cdde11e36de3,20370,Real Plaza Primavera,Starbucks,13051-151209,,LS,"C.C. Real Plaza Primavera, Av. Angamos",San Borja,,Lima,LIM,PE,,-77.01,-12.06,0,UTC,GMT-05:00 America/Lima,12/8/2013 5:41:59 PM,2/3/2017 12:00:00 AM
f8c34f09-1b49-4b1b-bd8f-b699b2f301b9,1011057,London - Greenwich Shopping Park,Starbucks,24321-237126,,FR,"Unit D, 1C Greenwich Shopping Park","Bugsbys Way, Charlton",,London,ENG,GB,SE7 7ST,0.02,51.49,0,GMT Standard Time,GMT+0:00 Europe/London,6/24/2016 12:00:00 AM,2/3/2017 12:00:00 AM
321c1894-5485-42e6-b328-bb5587a3755d,1427,Jericho Corner Shopping Centre,Starbucks,4558-95730,604-539-8513,CO,7150 200th Street,,Jericho Corner Shopping Centre,Langley,BC,CA,V2Y 3B9,-122.67,49.13,-480,Pacific Standard Time,GMT-08:00 America/Vancouver,12/8/2013 5:41:59 PM,2/3/2017 12:00:00 AM
4f6ef552-745c-40ff-b6dc-3581e10f74f8,1015340,Bashas - Mesa #73,Starbucks,49004-256165,480-830-7900,LS,2864 N Power Rd,,,Mesa,AZ,US,85215,-111.68,33.47,-420,US Mountain Standard Time,GMT+000000 America/Phoenix,8/2/2016 12:00:00 AM,2/3/2017 12:00:00 AM
